level	page_num	block_num	par_num	line_num	word_num	left	top	width	height	conf	text
1	1	0	0	0	0	0	0	3269	4684	-1	
2	1	1	0	0	0	1668	905	392	91	-1	
3	1	1	1	0	0	1668	905	392	91	-1	
4	1	1	1	1	0	1668	905	392	91	-1	
5	1	1	1	1	1	1668	905	392	91	41.330521	3
2	1	2	0	0	0	2842	1270	43	33	-1	
3	1	2	1	0	0	2842	1270	43	33	-1	
4	1	2	1	1	0	2842	1270	43	33	-1	
5	1	2	1	1	1	2842	1270	43	33	96.659622	15
2	1	3	0	0	0	1210	1329	82	16	-1	
3	1	3	1	0	0	1210	1329	82	16	-1	
4	1	3	1	1	0	1210	1329	82	16	-1	
5	1	3	1	1	1	1210	1329	82	16	0.000000	2225
2	1	4	0	0	0	2148	1336	42	33	-1	
3	1	4	1	0	0	2148	1336	42	33	-1	
4	1	4	1	1	0	2148	1336	42	33	-1	
5	1	4	1	1	1	2148	1336	42	33	96.620888	17
2	1	5	0	0	0	2722	1322	42	33	-1	
3	1	5	1	0	0	2722	1322	42	33	-1	
4	1	5	1	1	0	2722	1322	42	33	-1	
5	1	5	1	1	1	2722	1322	42	33	96.928192	16
2	1	6	0	0	0	1200	1372	41	33	-1	
3	1	6	1	0	0	1200	1372	41	33	-1	
4	1	6	1	1	0	1200	1372	41	33	-1	
5	1	6	1	1	1	1200	1372	41	33	96.934258	18
2	1	7	0	0	0	209	1385	233	36	-1	
3	1	7	1	0	0	209	1385	233	36	-1	
4	1	7	1	1	0	209	1385	233	36	-1	
5	1	7	1	1	1	209	1385	233	36	0.000000	11400000
2	1	8	0	0	0	1477	1467	45	33	-1	
3	1	8	1	0	0	1477	1467	45	33	-1	
4	1	8	1	1	0	1477	1467	45	33	-1	
5	1	8	1	1	1	1477	1467	45	33	97.012650	20
2	1	9	0	0	0	1802	1390	140	88	-1	
3	1	9	1	0	0	1802	1390	140	88	-1	
4	1	9	1	1	0	1802	1390	140	88	-1	
5	1	9	1	1	1	1802	1390	140	88	52.190849	419
2	1	10	0	0	0	2486	1466	39	34	-1	
3	1	10	1	0	0	2486	1466	39	34	-1	
4	1	10	1	1	0	2486	1466	39	34	-1	
5	1	10	1	1	1	2486	1466	39	34	96.410690	21
2	1	11	0	0	0	1161	1517	45	33	-1	
3	1	11	1	0	0	1161	1517	45	33	-1	
4	1	11	1	1	0	1161	1517	45	33	-1	
5	1	11	1	1	1	1161	1517	45	33	96.830795	24
2	1	12	0	0	0	2021	1515	46	34	-1	
3	1	12	1	0	0	2021	1515	46	34	-1	
4	1	12	1	1	0	2021	1515	46	34	-1	
5	1	12	1	1	1	2021	1515	46	34	96.909615	23
2	1	13	0	0	0	2781	1471	64	61	-1	
3	1	13	1	0	0	2746	1431	99	101	-1	
4	1	13	1	1	0	2781	1471	64	61	-1	
5	1	13	1	1	1	2781	1471	64	61	67.041481	22
2	1	14	0	0	0	1142	1665	77	72	-1	
3	1	14	1	0	0	1142	1665	77	72	-1	
4	1	14	1	1	0	1142	1665	77	72	-1	
5	1	14	1	1	1	1142	1665	77	72	0.000000	26
2	1	15	0	0	0	2739	1723	46	34	-1	
3	1	15	1	0	0	2739	1723	46	34	-1	
4	1	15	1	1	0	2739	1723	46	34	-1	
5	1	15	1	1	1	2739	1723	46	34	96.975166	27
2	1	16	0	0	0	1552	1833	39	34	-1	
3	1	16	1	0	0	1552	1833	39	34	-1	
4	1	16	1	1	0	1552	1833	39	34	-1	
5	1	16	1	1	1	1552	1833	39	34	96.116486	31
2	1	17	0	0	0	2225	1835	46	33	-1	
3	1	17	1	0	0	2225	1835	46	33	-1	
4	1	17	1	1	0	2225	1835	46	33	-1	
5	1	17	1	1	1	2225	1835	46	33	96.788933	32
2	1	18	0	0	0	2430	1800	45	33	-1	
3	1	18	1	0	0	2430	1800	45	33	-1	
4	1	18	1	1	0	2430	1800	45	33	-1	
5	1	18	1	1	1	2430	1800	45	33	96.966522	29
2	1	19	0	0	0	1144	1893	66	83	-1	
3	1	19	1	0	0	1144	1893	66	83	-1	
4	1	19	1	1	0	1144	1893	66	83	-1	
5	1	19	1	1	1	1144	1893	66	83	53.176582	8
2	1	20	0	0	0	1374	1911	68	32	-1	
3	1	20	1	0	0	1374	1911	68	32	-1	
4	1	20	1	1	0	1374	1911	68	32	-1	
5	1	20	1	1	1	1374	1911	68	32	0.000000	34
2	1	21	0	0	0	2023	2023	46	32	-1	
3	1	21	1	0	0	2023	2023	46	32	-1	
4	1	21	1	1	0	2023	2023	46	32	-1	
5	1	21	1	1	1	2023	2023	46	32	96.987495	36
2	1	22	0	0	0	1295	2076	46	34	-1	
3	1	22	1	0	0	1295	2076	46	34	-1	
4	1	22	1	1	0	1295	2076	46	34	-1	
5	1	22	1	1	1	1295	2076	46	34	96.999756	40
2	1	23	0	0	0	1671	2066	57	45	-1	
3	1	23	1	0	0	1671	2066	57	45	-1	
4	1	23	1	1	0	1671	2066	57	45	-1	
5	1	23	1	1	1	1671	2066	57	45	0.000000	44
2	1	24	0	0	0	2148	2020	262	113	-1	
3	1	24	1	0	0	2148	2020	262	113	-1	
4	1	24	1	1	0	2148	2020	262	113	-1	
5	1	24	1	1	1	2148	2020	262	113	0.000000	5
2	1	25	0	0	0	1045	2103	253	91	-1	
3	1	25	1	0	0	1045	2103	253	91	-1	
4	1	25	1	1	0	1045	2103	253	91	-1	
5	1	25	1	1	1	1045	2103	99	91	0.000000	43
5	1	25	1	1	2	1170	2114	128	68	56.427460	44
2	1	26	0	0	0	1068	2221	46	33	-1	
3	1	26	1	0	0	1068	2221	46	33	-1	
4	1	26	1	1	0	1068	2221	46	33	-1	
5	1	26	1	1	1	1068	2221	46	33	96.960060	45
2	1	27	0	0	0	1488	2224	74	64	-1	
3	1	27	1	0	0	1186	2201	376	87	-1	
4	1	27	1	1	0	1488	2224	74	64	-1	
5	1	27	1	1	1	1488	2224	74	64	37.606293	46
2	1	28	0	0	0	2578	2255	47	34	-1	
3	1	28	1	0	0	2578	2255	47	34	-1	
4	1	28	1	1	0	2578	2255	47	34	-1	
5	1	28	1	1	1	2578	2255	47	34	96.070404	48
2	1	29	0	0	0	1185	2326	84	42	-1	
3	1	29	1	0	0	1185	2326	84	42	-1	
4	1	29	1	1	0	1185	2326	84	42	-1	
5	1	29	1	1	1	1185	2326	84	42	0.000000	2
2	1	30	0	0	0	1040	2394	26	28	-1	
3	1	30	1	0	0	1040	2394	26	28	-1	
4	1	30	1	1	0	1040	2394	26	28	-1	
5	1	30	1	1	1	1040	2394	26	28	0.000000	3
2	1	31	0	0	0	1932	2366	45	34	-1	
3	1	31	1	0	0	1932	2366	45	34	-1	
4	1	31	1	1	0	1932	2366	45	34	-1	
5	1	31	1	1	1	1932	2366	45	34	96.413574	53
2	1	32	0	0	0	2205	2389	45	33	-1	
3	1	32	1	0	0	2205	2389	45	33	-1	
4	1	32	1	1	0	2205	2389	45	33	-1	
5	1	32	1	1	1	2205	2389	45	33	87.715637	57
2	1	33	0	0	0	1374	2412	167	53	-1	
3	1	33	1	0	0	1374	2412	167	53	-1	
4	1	33	1	1	0	1374	2412	167	53	-1	
5	1	33	1	1	1	1374	2412	167	53	0.000000	58
2	1	34	0	0	0	2756	2414	44	33	-1	
3	1	34	1	0	0	2756	2414	44	33	-1	
4	1	34	1	1	0	2756	2414	44	33	-1	
5	1	34	1	1	1	2756	2414	44	33	95.074684	59
2	1	35	0	0	0	958	2508	45	33	-1	
3	1	35	1	0	0	958	2508	45	33	-1	
4	1	35	1	1	0	958	2508	45	33	-1	
5	1	35	1	1	1	958	2508	45	33	97.002289	63
2	1	36	0	0	0	1080	2543	46	33	-1	
3	1	36	1	0	0	1080	2543	46	33	-1	
4	1	36	1	1	0	1080	2543	46	33	-1	
5	1	36	1	1	1	1080	2543	46	33	96.169716	67
2	1	37	0	0	0	1625	2516	75	33	-1	
3	1	37	1	0	0	1625	2516	75	33	-1	
4	1	37	1	1	0	1625	2516	75	33	-1	
5	1	37	1	1	1	1625	2516	75	33	0.000000	64
2	1	38	0	0	0	1421	2594	144	37	-1	
3	1	38	1	0	0	1421	2594	144	37	-1	
4	1	38	1	1	0	1421	2594	144	37	-1	
5	1	38	1	1	1	1421	2594	144	37	0.000000	6869
2	1	39	0	0	0	952	2622	46	33	-1	
3	1	39	1	0	0	952	2622	46	33	-1	
4	1	39	1	1	0	952	2622	46	33	-1	
5	1	39	1	1	1	952	2622	46	33	0.000000	2
2	1	40	0	0	0	1710	2600	172	82	-1	
3	1	40	1	0	0	1710	2600	172	82	-1	
4	1	40	1	1	0	1710	2600	172	82	-1	
5	1	40	1	1	1	1710	2600	172	82	0.000000	7
2	1	41	0	0	0	2331	2653	39	33	-1	
3	1	41	1	0	0	2331	2653	39	33	-1	
4	1	41	1	1	0	2331	2653	39	33	-1	
5	1	41	1	1	1	2331	2653	39	33	87.305496	73
2	1	42	0	0	0	1118	2689	46	33	-1	
3	1	42	1	0	0	853	2651	311	84	-1	
4	1	42	1	1	0	1118	2689	46	33	-1	
5	1	42	1	1	1	1118	2689	46	33	96.568359	78
2	1	43	0	0	0	1397	2670	46	34	-1	
3	1	43	1	0	0	1397	2670	46	34	-1	
4	1	43	1	1	0	1397	2670	46	34	-1	
5	1	43	1	1	1	1397	2670	46	34	92.808792	75
2	1	44	0	0	0	1752	2674	45	34	-1	
3	1	44	1	0	0	1752	2674	45	34	-1	
4	1	44	1	1	0	1752	2674	45	34	-1	
5	1	44	1	1	1	1752	2674	45	34	96.833145	76
2	1	45	0	0	0	2310	2745	44	33	-1	
3	1	45	1	0	0	2310	2745	44	33	-1	
4	1	45	1	1	0	2310	2745	44	33	-1	
5	1	45	1	1	1	2310	2745	44	33	96.744026	85
2	1	46	0	0	0	2393	2717	44	34	-1	
3	1	46	1	0	0	2393	2717	44	34	-1	
4	1	46	1	1	0	2393	2717	44	34	-1	
5	1	46	1	1	1	2393	2717	44	34	96.249672	79
2	1	47	0	0	0	2628	2731	38	34	-1	
3	1	47	1	0	0	2628	2731	38	34	-1	
4	1	47	1	1	0	2628	2731	38	34	-1	
5	1	47	1	1	1	2628	2731	38	34	92.396225	81
2	1	48	0	0	0	1738	2740	141	94	-1	
3	1	48	1	0	0	1738	2740	141	94	-1	
4	1	48	1	1	0	1738	2740	141	94	-1	
5	1	48	1	1	1	1738	2740	141	94	0.000000	66
2	1	49	0	0	0	1660	2844	322	61	-1	
3	1	49	1	0	0	1660	2844	322	61	-1	
4	1	49	1	1	0	1660	2844	322	61	-1	
5	1	49	1	1	1	1660	2844	322	61	0.000000	1
2	1	50	0	0	0	491	2968	37	26	-1	
3	1	50	1	0	0	491	2968	37	26	-1	
4	1	50	1	1	0	491	2968	37	26	-1	
5	1	50	1	1	1	491	2968	37	26	0.000000	5
2	1	51	0	0	0	1075	2932	181	40	-1	
3	1	51	1	0	0	1075	2932	181	40	-1	
4	1	51	1	1	0	1075	2932	181	40	-1	
5	1	51	1	1	1	1075	2932	181	40	0.000000	9098
2	1	52	0	0	0	719	2973	41	33	-1	
3	1	52	1	0	0	719	2973	41	33	-1	
4	1	52	1	1	0	719	2973	41	33	-1	
5	1	52	1	1	1	719	2973	41	33	92.262360	10
2	1	53	0	0	0	813	2980	161	45	-1	
3	1	53	1	0	0	813	2980	161	45	-1	
4	1	53	1	1	0	813	2980	161	45	-1	
5	1	53	1	1	1	813	2980	161	45	0.000000	101402
2	1	54	0	0	0	1198	3011	67	34	-1	
3	1	54	1	0	0	1198	3011	67	34	-1	
4	1	54	1	1	0	1198	3011	67	34	-1	
5	1	54	1	1	1	1198	3011	67	34	96.889900	104
2	1	55	0	0	0	1697	2989	67	32	-1	
3	1	55	1	0	0	1697	2989	67	32	-1	
4	1	55	1	1	0	1697	2989	67	32	-1	
5	1	55	1	1	1	1697	2989	67	32	96.723236	103
2	1	56	0	0	0	1552	3087	66	34	-1	
3	1	56	1	0	0	1552	3087	66	34	-1	
4	1	56	1	1	0	1552	3087	66	34	-1	
5	1	56	1	1	1	1552	3087	66	34	96.244957	106
2	1	57	0	0	0	361	3121	136	70	-1	
3	1	57	1	0	0	361	3121	136	70	-1	
4	1	57	1	1	0	361	3121	136	70	-1	
5	1	57	1	1	1	361	3121	136	70	0.000000	09
2	1	58	0	0	0	1153	3206	66	33	-1	
3	1	58	1	0	0	1153	3206	66	33	-1	
4	1	58	1	1	0	1153	3206	66	33	-1	
5	1	58	1	1	1	1153	3206	66	33	96.724121	108
2	1	59	0	0	0	267	3311	62	45	-1	
3	1	59	1	0	0	267	3311	62	45	-1	
4	1	59	1	1	0	267	3311	62	45	-1	
5	1	59	1	1	1	267	3311	62	45	96.875565	116
2	1	60	0	0	0	779	3321	64	34	-1	
3	1	60	1	0	0	779	3321	64	34	-1	
4	1	60	1	1	0	779	3321	64	34	-1	
5	1	60	1	1	1	779	3321	64	34	95.821823	115
2	1	61	0	0	0	915	3279	64	34	-1	
3	1	61	1	0	0	915	3279	64	34	-1	
4	1	61	1	1	0	915	3279	64	34	-1	
5	1	61	1	1	1	915	3279	64	34	91.602791	112
2	1	62	0	0	0	1406	3252	64	47	-1	
3	1	62	1	0	0	1406	3232	276	117	-1	
4	1	62	1	1	0	1406	3252	64	47	-1	
5	1	62	1	1	1	1406	3252	64	47	81.283501	410
2	1	63	0	0	0	230	3364	70	40	-1	
3	1	63	1	0	0	230	3364	70	40	-1	
4	1	63	1	1	0	230	3364	70	40	-1	
5	1	63	1	1	1	230	3364	70	40	89.699898	118
2	1	64	0	0	0	533	3282	95	41	-1	
3	1	64	1	0	0	407	3282	221	105	-1	
4	1	64	1	1	0	533	3282	95	41	-1	
5	1	64	1	1	1	533	3282	95	41	0.000000	3
2	1	65	0	0	0	1823	3343	67	47	-1	
3	1	65	1	0	0	1823	3343	67	47	-1	
4	1	65	1	1	0	1823	3343	67	47	-1	
5	1	65	1	1	1	1823	3343	67	47	93.251854	117
2	1	66	0	0	0	1694	3403	63	33	-1	
3	1	66	1	0	0	1694	3403	63	33	-1	
4	1	66	1	1	0	1694	3403	63	33	-1	
5	1	66	1	1	1	1694	3403	63	33	96.602310	119
2	1	67	0	0	0	2212	3448	72	76	-1	
3	1	67	1	0	0	2212	3448	72	76	-1	
4	1	67	1	1	0	2212	3448	72	76	-1	
5	1	67	1	1	1	2212	3448	72	76	93.536522	421
2	1	68	0	0	0	540	3564	67	34	-1	
3	1	68	1	0	0	540	3564	67	34	-1	
4	1	68	1	1	0	540	3564	67	34	-1	
5	1	68	1	1	1	540	3564	67	34	96.859138	123
2	1	69	0	0	0	1864	3624	65	33	-1	
3	1	69	1	0	0	1864	3624	65	33	-1	
4	1	69	1	1	0	1864	3624	65	33	-1	
5	1	69	1	1	1	1864	3624	65	33	96.774246	125
2	1	70	0	0	0	2046	3671	106	80	-1	
3	1	70	1	0	0	2046	3671	108	80	-1	
4	1	70	1	1	0	2046	3671	106	80	-1	
5	1	70	1	1	1	2046	3671	106	80	29.116611	4126
2	1	71	0	0	0	1965	3908	94	69	-1	
3	1	71	1	0	0	1965	3908	94	69	-1	
4	1	71	1	1	0	1965	3908	94	69	-1	
5	1	71	1	1	1	1965	3908	94	69	49.258179	128
2	1	72	0	0	0	2071	4050	108	59	-1	
3	1	72	1	0	0	2071	4050	108	59	-1	
4	1	72	1	1	0	2071	4050	108	59	-1	
5	1	72	1	1	1	2071	4050	108	59	0.000000	129
2	1	73	0	0	0	1855	4114	62	56	-1	
3	1	73	1	0	0	1855	4114	62	56	-1	
4	1	73	1	1	0	1855	4114	62	56	-1	
5	1	73	1	1	1	1855	4114	62	56	78.871727	134
2	1	74	0	0	0	2088	4106	122	46	-1	
3	1	74	1	0	0	2088	4106	122	46	-1	
4	1	74	1	1	0	2088	4106	122	46	-1	
5	1	74	1	1	1	2088	4106	122	46	22.935076	5130
2	1	75	0	0	0	2101	4239	66	34	-1	
3	1	75	1	0	0	2101	4239	66	34	-1	
4	1	75	1	1	0	2101	4239	66	34	-1	
5	1	75	1	1	1	2101	4239	66	34	96.560661	132
